"plotid","target_species_richness","composition","region_centred_ba","region_centred_coniferous","earthworm_biomass","fine_woody_debris","microbial_biomass_mineral","soil_c_ff_10","litter_decomp_day","nre","soil_cn_ff_10","wood_decomp_day","root_biomass","lai","leaf_litter_production","photo_eff_tot","tree_growth","tree_biomass","total_understorey_weight","sapling_growth","regeneration_seedlings","regeneration_juveniles","wue","resistance_insects","lack_browsing","no_pathogen_damage","tree.growth.recovery","tree.growth.resilience","tree.growth.resistance","tree.growth.stability"
"FIN01",2,"Piab.Pisy",0.376438251107143,0.249621174357143,0,171,135.63726,60.8984845200804,0.536363071660696,57.8336332384695,21.5344866133217,0.698147214973046,339.317279787452,3.02,505.852023806,28.645,2.308932827,64.44078354,9.104,1.811111111,0,3,1.46297398,99.806338028169,88.89,0.916666667,0.980252536,1.135944396,1.158828316,5.386478639
"FIN02",2,"Be.Piab",-0.450352341892857,-0.479826505642857,0.465,110,350.6804871,81.3684027365933,0.591447136893035,64.1153816773338,22.0153497478671,0.575689246912452,111.691703099752,2.16,451.345687372,22.784,1.976075831,46.6811564,66.16,NA,0,0,2.09630316,97.1424644243215,70,0.46,1.394507325,1.268891538,0.909921027,5.352737232
"FIN03",2,"Be.Piab",-0.732960317892857,-0.571875467642857,0.626,81,570.3907224,65.2907647776256,0.544524930187211,71.4833162309775,20.2999872701168,0.498393506212648,115.781171641254,1.86,513.196747471999,22.859,1.489750393,38.53642836,54.419,4.375,0,1,1.30659743,94.7617474203837,83.61,0,1.361136084,1.205347244,0.885544993,6.737100695
"FIN04",2,"Be.Piab",-0.231425636892857,-0.103864722642857,0,82,441.6660104,61.4738818164679,0.858987112776573,63.6980209958173,21.3182370961931,0.673644254796866,146.82244505669,3.64,505.187324068,17.621,2.287045104,50.62505884,28.123,3.2,0,1,1.98834327,97.2279673015272,51.61,0.37,1.651815778,1.558362993,0.943424208,3.225651513
"FIN05",2,"Be.Pisy",-0.337140583892857,0.0142035043571429,0.928,38,516.9786313,36.1664520256582,0.672705320351552,83.9771752994636,27.3338695305439,0.394692667839778,146.818262894493,2.13,340.759257457,37.568,1.275772004,50.97428708,56.983,3.658666667,0,3,1.83716902,98.0400548876103,69.39,0.516666667,1.225265205,0.992609687,0.810118236,8.832262133
"FIN06",1,"Piab",0.854207629107143,0.256982162357143,0,75,611.2198451,70.3616157286255,0.50858686853267,54.0305648622629,22.2212264988339,0.845013031254365,64.7584636487302,3.65,432.844771086,26.08,3.069558319,86.14782915,3.096,3.170654762,0,222,1.13019551,100,100,0.833333333,1.056308025,1.482458385,1.403433799,3.305882157
"FIN07",1,"Be",-0.510153831892857,-0.733851185642857,49.672,44,782.0702737,48.2444342730001,1.02729895025598,80.618308470863,22.0975244242553,0.970506227405982,263.776230936612,2.91,533.167207446999,6.163,1.867948152,47.34640323,67.014,NA,1,0,1.73590427,95.1833674709509,95,0.013333333,1.132627429,1.1273669,0.995355464,6.85322343
"FIN08",1,"Be",-0.635755477892857,-0.727152287642857,28.013,38,364.5905172,49.7289041126861,1.18764805421071,74.8956772860629,22.7705040581247,0.34403887306032,265.78409199595,2.44,469.288459670999,12.234,1.694521655,44.17569031,64.43,3.96,1,1,NA,96.7762944752672,94.05,0.01,1.1520195,1.131348975,0.98205714,6.514810445
"FIN09",1,"Pisy",0.128031731107143,0.253916912357143,0.204,65,376.4496449,50.1959031712326,0.718191968023205,92.4714320542784,25.8393442270586,0.621484119255221,182.483720674136,2.25,389.951793157999,66.972,1.415432488,58.08569337,92.971,3.45,1,1,1.65259952,100,92.05,1,1.05207858,0.985397531,0.936619707,8.006625446
"FIN10",1,"Piab",0.345490532107143,0.250806898357143,0,136,752.2739674,57.7272671860134,0.513248407468736,24.8244515006883,22.0602420799706,0.441181815167544,188.752332255539,3.04,290.163550248,33.357,2.879411347,68.35692385,6.204,3.5625,5,4,0.77316321,97.12542917941,100,0.966666667,1.333696763,1.85526172,1.391067124,3.051029844
"FIN11",1,"Be",-0.689482499892857,-0.712064456642857,36.865,76,483.754453,40.5450957173816,1.018280135711,78.6543688619763,20.7447634267495,0.453595063643289,148.079060254284,2.14,454.363958606,11.517,1.726588444,34.87886226,91.099,NA,1,0,NA,95.3541679250975,98.63,0.023333333,1.117227671,0.938157918,0.839719551,5.210156894
"FIN12",3,"Be.Piab.Pisy",0.355228180107143,0.00506673735714291,0.06,35,271.4806605,55.0192996148725,0.781293385927366,76.3871570415763,26.8584597236041,0.449162969527359,219.8757159087,3.6,608.483215388,50.135,2.424685167,54.03061597,18.5,1.6,1,1,1.27976113,98.7289713303367,89.57,0.627777778,1.007605789,1.085855335,1.077658889,6.415287855
"FIN13",2,"Be.Pisy",-0.353465629892857,0.0545484083571429,0,29,514.4576948,33.7513774702527,0.95903706653959,80.6161655011951,30.07277396884,0.367968939108708,195.17605401344,1.85,407.212670869,46.366,1.437982033,37.6808966,52.541,2.216666667,2,3,2.49259362,99.3620190269677,90.85,0.51,0.97815416,0.907135068,0.927394786,10.93086149
"FIN14",1,"Pisy",-0.544243942892857,0.263095567357143,0,143,218.3741962,29.7017922393789,0.471123971671184,80.4942397777559,31.7216226351902,0.466456024406804,159.146450407061,1.88,240.790427558,45.473,1.159975537,37.44041604,32.037,4.366666667,43,3,0.35827922,99.9044117647058,100,1,1.118068618,1.168072376,1.044723335,3.347301933
"FIN15",2,"Be.Pisy",-0.295903404892857,0.0266423363571429,0.114,108,179.109638,34.3081315998445,0.784045860268072,81.1062436283602,27.9523797741805,0.237481943792113,121.787169233845,2.45,398.605855369,68.536,1.520527726,47.02427725,21.999,6.366666667,4,3,1.6559851,97.5185320734628,94.83,0.52,1.072586718,0.95095099,0.886595903,4.893178054
"FIN16",1,"Pisy",0.278469905107143,0.242552728357143,0.052,72,206.7330712,32.415119482038,0.633184610090674,79.3597711277837,30.3098064937041,0.458449039454282,223.843949133943,2.14,297.835088274,59.04,1.3612405,62.90305056,66.134,NA,0,0,0.983839370000002,99.1042377328783,91.34,1,1.101556392,1.025045398,0.930542826,7.020660238
"FIN17",2,"Piab.Pisy",0.167291021107143,0.263095567357143,0,115,331.5822607,35.5293906687064,0.666856278496887,69.7285430684244,33.5005204626264,0.636734712048026,180.396418159395,2.34,284.261278345999,37.786,1.770812212,58.28384991,21.739,2.966666667,64,2,1.83545498,99.8937476388365,100,0.9,1.036185299,1.065694068,1.028478274,5.103274685
"FIN18",1,"Piab",0.551499494107143,0.255042567357143,0.118,119,583.8958941,43.5121283273489,1.1291515396489,53.4922609075036,21.4452585036707,0.415833174600253,112.644538582079,4,497.17226793,25.028,2.986644091,68.69490441,1.801,NA,1,0,0.96482662,99.984962406015,100,0.725,1.50961285,1.47285613,0.975651559,4.176003688
"FIN19",2,"Piab.Pisy",0.436266644107143,0.260634600357143,0.274,156,350.3645787,44.3295217060087,0.707330242335491,55.4652426600426,23.8332268180418,0.583861034527865,131.851371846873,2.16,308.422647986,41.137,2.192653804,70.70451226,34.396,4.734266667,37,31,0.619197570000001,100,94.55,0.925,1.429820268,1.242009379,0.868647205,4.311326811
"FIN20",2,"Be.Piab",0.590927666107143,0.0949451823571429,0,105,577.0362377,50.8937435261626,0.823232781228671,44.9771671684061,21.1597644156389,1.30067113959436,163.02002328903,2.82,724.504409621,33.07,2.75447089,77.32629244,7.084,2.533333333,9,15,2.45818676,95.669811320755,68.42,0.35,1.575446645,1.372920851,0.87144865,3.791407986
"FIN21",1,"Pisy",-0.607002250892857,0.263095567357143,0,370,328.7191261,31.7267077546629,0.802753130342235,94.0535600312705,30.9747910928649,0.434894493721941,130.128376321934,1.49,369.977556444,64.094,1.055893981,37.20984328,53.819,3.35,68,2,1.20697289,100,88.12,1,0.926229302,0.851500309,0.919319123,5.879572067
"FIN22",2,"Piab.Pisy",0.262968063107143,0.263095567357143,0.346,112,772.2464293,47.5684352871944,0.746385541092796,72.8086497666063,25.2628287002616,0.54762721144381,266.715657619528,3.34,426.197649638,30.586,2.604741406,55.45349818,21.334,NA,0,0,1.86778988,100,95.95,0.783333333,1.1927678,1.174437214,0.984631891,4.527431033
"FIN23",1,"Piab",0.438600364107143,0.263095567357143,0,102,790.5851015,50.4574789385456,0.908935210564958,63.6061228098096,24.8383232806781,0.982449442350083,429.898206830467,3.75,427.123909914,25.086,2.888319227,64.76747484,18.537,3.42,0,5,-0.100636519999998,99.846888972558,100,0.566666667,1.195547455,1.341537516,1.122111473,3.929798409
"FIN24",2,"Be.Piab",0.0591315981071432,0.00305191635714286,0,131,587.6019805,60.1352043047672,0.607638997158529,28.8860730604485,24.0187263546598,0.399561309800593,396.441195207403,4.45,551.949324645,14.478,2.574695711,44.45901303,16.462,NA,0,0,2.06428704,96.1266846361186,95.89,0.32,1.10441889,1.296820169,1.174210419,2.953962311
"FIN25",3,"Be.Piab.Pisy",0.669013436107143,0.131816332357143,0,110,377.3236549,47.6691982871293,0.821198446012276,63.1633412856538,18.934594173037,1.1606066400992,225.151618574345,3.64,563.860188727998,23.444,2.923261929,72.45400726,15.9,2.478571429,0,7,1.16816965,98.874495879362,100,0.518888889,1.115113289,1.108637769,0.99419295,7.353869977
"FIN26",3,"Be.Piab.Pisy",0.209211585107143,-0.0362595376428571,0.472,166,452.6629854,38.3452889797148,0.588476832231039,72.8564672273689,22.2519102317316,0.564451041249312,140.571823804269,3.48,485.527675857,22.988,2.302418976,61.57989034,25.22,4.053703704,4,9,1.92245533,98.6166317934266,81.67,0.623529412,1.341668218,1.109004537,0.826586277,5.373053736
"FIN27",2,"Piab.Pisy",-0.224901273892857,0.174929546357143,0.509,77,822.2648691,48.1193110443566,0.706168223907032,81.7952066421107,32.1566759736926,0.53549202487616,162.351987850735,2.65,264.107852428,70.98,1.653296233,43.24155621,40.769,3.722222222,1,3,2.83296775,97.75,84.62,0.61,1.2224383,1.358986366,1.111701397,4.759139326
"FIN28",2,"Be.Pisy",-0.109988907892857,-0.225344680642857,0.404,83,743.9531134,56.1368016825277,0.637091782774251,77.6292022873771,22.9066763131139,0.879529345101886,205.068872447933,2.56,543.724058973,46.861,1.974447228,52.73982977,56.289,5.026,18,5,1.75522134,97.8351641079942,95.45,0.53,1.340076066,1.179394812,0.880095423,8.716989012
"GER01",1,"Fasy",-0.291974206157894,-0.125053586394737,3.76,95,1305.674848,44.5841809539682,0.598718747603802,69.0837672737379,13.4911658721263,0.217301660612235,80.6001007645493,6.72,1613.566137597,17.039,2.221550182,156.1403086,27.41009091,2.902473118,405,46,2.16550916,96.6785714285714,98.92,0.996666667,1.264610997,1.137447292,0.89944441,3.477145745
"GER02",1,"Fasy",-0.473488816157895,-0.125053586394737,2.877,59,1202.841408,41.9092960348426,0.707083666660191,78.8097674542261,15.3041547849497,0.716014603561734,157.129644152748,7.21,1286.342776905,13.332,1.917113441,140.9681353,15.046,3.075192308,366,33,2.2560071,95.936743819043,100,0.996666667,1.161848184,0.995027174,0.856417549,2.954920896
"GER03",2,"Acps.Frex",0.343150056842105,-0.0954249323947368,9.803,72,2161.124745,45.4752991251007,2.41462029171812,68.3476547975662,13.2993599792632,0.331049339755012,92.2282458151513,5.4,214.626028867,45.899,4.343087662,227.6350812,53.87809091,3.666666667,48,2,1.15825874,92.67893595305,0,0.84,1.26115164,1.018139962,0.807309708,6.947822078
"GER04",1,"Frex",0.994479516842105,-0.125053586394737,21.233,133,929.9148555,40.6392786662759,2.44178968387061,47.423234033711,12.5405049284786,-0.00870110138414414,373.923480381391,4.91,588.552269354,47.805,4.1400511,332.1376254,48.98045455,7.04047619,144,33,0.863040529999999,91.0390984089602,87.94,1,1.220936646,1.089700635,0.892512022,9.012514836
"GER05",1,"Qupe",0.126518337842105,-0.125053586394737,17.198,93,1323.073421,37.8833570911243,0.888779719134559,73.8350646593461,14.4960240544095,0.592233723503661,114.767931455734,8.41,796.920001912999,28.068,2.126464946,196.3406222,14.384,2.606666667,10,16,1.80076603,87.0220465237867,94.51,0.428888889,1.48106641,1.502345407,1.014367348,3.525246946
"GER06",2,"Fasy.Qupe",2.15301236884211,-0.125053586394737,6.125,167,1186.314939,36.0462717340277,1.20765339726592,70.1610329167381,14.3282147086394,0.157983279355968,186.678100138845,6.6,1320.521552314,23.455,3.262793829,283.2514025,13.16509091,5.833333333,264,3,1.35639146,96.2008907511,95.86,0.706666667,1.33232935,0.942742867,0.707589957,6.71193747
"GER07",1,"Piab",-0.507142293157895,0.801815617605263,6.2,28,1755.804975,67.1293181236763,0.816993755794123,85.9647089219557,11.2694375673202,0.113892564660081,161.483332888357,5.68,440.622714349,28.015,3.223052474,72.65284569,51.01636364,3.38828125,32,158,1.56770139,94.1875,100,0.916666667,1.210135121,1.143072995,0.944582944,3.48530597
"GER08",1,"Piab",0.726603281842106,0.816889436605263,11.734,87,1217.971018,43.1373137622255,0.738952477072194,86.2741665803761,14.4102110841245,0.225212909444785,81.0271374737808,4,450.592686584,23.001,3.319557548,100.9757905,7.717363636,3.2504,268,788,0.613666160000001,99.6838097180758,98.32,0.941666667,1.910041304,1.224360672,0.641012668,4.319015293
"GER09",3,"Acps.Fasy.Frex",-0.0332319721578949,-0.125053586394737,17.103,114,3417.81123,36.647962028529,1.59300509106532,74.0535971643648,13.6122537339489,0.240830934427586,201.416921057443,6.81,949.112949678,16.616,2.941503584,105.1896923,9.932363636,5.01744186,518,51,0.77855096,94.6347585667961,100,0.96,1.226652394,1.155892947,0.942314997,6.380197866
"GER10",3,"Acps.Fasy.Frex",-0.780123842157895,-0.125053586394737,5.265,114,1406.843897,50.2712252351406,1.6118096139498,76.8177929006621,12.8882544327562,0.624593078793899,141.634841997804,8.02,1116.76077167,24.177,2.582675342,113.8029339,14.56936364,5.375,232,4,0.53960764,96.8128564787412,94.74,0.975555556,1.164119595,1.208150645,1.037823476,5.714697811
"GER11",2,"Fasy.Frex",0.338389543842105,-0.125053586394737,5.904,154,2432.537894,44.2436614406082,1.71955840737159,65.3855572945624,13.4065101264592,0.553381755888971,184.229084510491,7.16,1602.25415045,20.295,4.100783362,278.9141621,20.64909091,3.888888889,474,13,0.39816304,94.5945927751387,99.36,0.95,1.199124647,1.04166022,0.868683855,6.086116623
"GER12",2,"Fasy.Qupe",-0.469661190157895,-0.125053586394737,3.813,62,901.3978384,36.6241715733916,0.776708587587541,69.2880957042129,13.7980561442334,0.744458162863654,156.732793186279,7.18,452.544923465,20.729,2.312108888,148.0901701,9.646,4.12,146,7,0.569661750000002,82.7095848206733,100,0.616666667,1.393911157,1.289473399,0.925075743,3.70265176
"GER13",3,"Acps.Frex.Qupe",0.218384781842105,-0.125053586394737,11.858,148,1763.821859,37.0640276147066,1.77280863884376,71.1341555747122,12.8134889780757,0.468096557191034,196.065943805146,4.57,294.884586525,25.972,3.441185097,218.9416061,42.89309091,3.9,635,2,0.84673652,95.2638090433029,98.52,0.782222222,1.246828771,1.150363951,0.922631862,6.630242151
"GER14",2,"Fasy.Piab",-0.467278168157895,0.507384627605263,3.049,170,1919.279806,47.9333690494446,0.4824893345882,82.2581579104757,13.415317489809,0.142334856332249,107.954670257906,5.18,747.685100347999,10.823,2.207089479,100.5720867,20.55481818,4.286969697,584,672,0.988795660000001,97.7129651516287,95.2,0.993333333,1.370161779,0.990763774,0.723099848,4.495208804
"GER15",2,"Frex.Piab",0.777518389842105,0.574854407605263,4.627,141,593.9344011,65.2321858719598,1.80759530635286,63.466938457152,13.8126463980218,0.301970164537092,256.335192521412,4.21,495.474604924,29.071,3.140081021,164.0475272,32.83809091,3.416666667,416,1240,1.87885664,95.7009716852133,93.58,0.993333333,1.709176858,1.139073762,0.666445814,5.880951931
"GER16",3,"Fasy.Piab.Qupe",0.869697871842106,0.347736852605263,6.231,180,1520.369336,41.6651328186345,0.651729378533135,71.3950651567889,16.7762858444625,0.358409658094283,48.4978660440166,5.57,387.735700994,27.385,2.397016313,181.4248883,15.657,4.653333333,83,30,0.824725539999999,95.3252011911291,92.86,0.771111111,1.281264185,0.867680051,0.677206201,4.257859554
"GER17",2,"Acps.Fasy",-0.735840618157895,-0.125053586394737,4.466,105,1557.190761,35.5322970963267,1.28412856025656,73.7422165835328,14.975361102328,0.411131369859148,89.185711169402,7.96,457.539709247,14.452,2.119543769,109.6833338,13.30209091,1.888571429,1568,17,1.23230998,99.2499999999999,95.62,0.988,1.094932305,1.288315917,1.176616957,5.689562626
"GER18",2,"Acps.Frex",0.760733256842105,-0.106442106394737,0.465,141,1692.260728,50.1500094466235,1.57067642888142,69.82068178458,13.4988259351795,0.246367456385223,216.178906853476,6.5,400.711623187,23.478,3.212785652,267.9430373,30.72809091,4.828787879,448,184,0.79846087,94.8016711418882,95.62,0.803285024,1.147454405,0.826022177,0.719873638,5.020850488
"GER19",3,"Acps.Fasy.Qupe",-0.559044206157895,-0.125053586394737,19.765,131,2323.604117,37.8329295949238,1.22292609516744,63.9406129581087,13.0571701374821,0.276494913644408,144.80205182498,6.15,477.863054455,25.277,1.880146407,132.6324192,18.32,3.504883041,292,61,1.38116421,92.9562659595389,99.17,0.735555556,1.277725396,1.267924728,0.992329598,5.251231316
"GER20",3,"Fasy.Frex.Qupe",-0.750981131157895,-0.125053586394737,5.26,60,2903.978167,42.9235181616202,1.51407404753791,65.6653674110337,14.816549424631,0.2558626969938,228.61909430092,7,1110.420210669,63.002,2.145909385,122.6345265,41.19045455,4.085714286,234,16,1.17660559,90.7723605285383,95.96,0.955555556,1.149413429,1.089923309,0.948243062,7.200358432
"GER21",4,"Acps.Fasy.Frex.Qupe",-0.604347918157895,-0.125053586394737,4.144,87,966.9090473,46.2378457407053,1.50959268589731,76.6650480883556,14.1012644571166,0.502886785141102,97.8640847322492,7.01,1076.349687897,15.668,2.700565338,147.7062662,10.676,4.302037037,129,29,0.988668479999998,83.3,93.81,0.748,1.356547554,1.219940637,0.899298099,3.08700208
"GER22",2,"Fasy.Frex",0.310798856842105,-0.0800140883947369,4.562,232,1312.014709,36.7853414767196,1.43332431116511,65.8770716445156,13.9693045563594,0.374892849412021,153.631793214982,6.6,388.244125255,26.513,2.716265129,185.9489382,12.33672727,4.33744186,196,47,1.22449856,94.3990866234529,99.2,0.986666667,1.085139793,0.85341202,0.78645353,4.038572596
"GER23",3,"Fasy.Piab.Qupe",0.804662343842105,0.136151732605263,3.421,180,1174.417824,45.0738748444425,0.613650710817835,75.5368372424674,21.0441089710584,0.265150817585679,212.88742016246,6.62,1536.100075937,25.819,3.301783855,186.8607273,4.417,4.262152778,205,180,1.19209029,94.8433055829459,99.04,0.870682261,1.300997931,1.059856341,0.814648752,5.466187331
"GER24",3,"Acps.Fasy.Frex",-1.41207756815789,-0.125053586394737,8.245,110,1992.632893,42.7164813232882,1.56657680061547,76.5577061114066,13.1471651252707,0.127061316623438,91.9422810671516,9.1,968.297171081,17.106,2.666557479,94.71615254,30.56572727,5.544545455,388,22,0.858046480000002,95.3825661943888,96.39,0.966666667,1.531440433,2.150170113,1.404018117,2.990565161
"GER25",3,"Acps.Fasy.Qupe",-0.498914181157895,-0.125053586394737,1.399,108,1963.344274,40.1676232983257,1.2877873839467,72.271937111878,15.6057754808864,0.492513823188266,89.7029519189583,7.1,639.398271407,32.88,1.738148082,133.4803512,12.80372727,4.482631579,254,40,1.05713666,86.0907159430569,91.34,0.82,1.185254276,0.99383172,0.838496634,5.063149129
"GER26",3,"Acps.Fasy.Frex",-1.33282061815789,-0.0849126033947369,2.75,239,1462.495545,92.4591390735749,1.49986389396276,80.7797662488726,13.8490812150081,0.428963739433642,245.664731751485,4.77,839.930853306,11.122,1.556184171,112.7027967,14.514,3.570375,188,188,NA,95.712179763061,98.85,0.98,1.252086255,1.172061242,0.936086662,5.963453128
"GER27",4,"Acps.Fasy.Frex.Qupe",0.391567893842105,-0.125053586394737,58.1,134,1690.091908,47.0524174901824,1.38930792479699,79.4860179661873,12.9636372870632,0.429678909259199,241.962847251232,6.38,1024.139003892,42.292,3.168634694,272.7684131,62.40109091,5.506640625,440,84,0.867062999999998,95.9750742283784,92.64,0.751666667,1.135964669,0.891941971,0.785184606,7.003169156
"GER28",2,"Acps.Frex",-1.26430538115789,-0.125053586394737,28.006,114,1372.607389,59.0714420139183,2.36958051088888,74.9569245756483,13.2100531117003,0.155201210439349,48.1861561033975,6.56,69.655322682,27.949,2.438897305,108.5596313,51.84545455,4.053466667,680,210,NA,96.0468135244022,99.42,0.893333333,1.269950527,0.973035902,0.766199849,6.318604461
"GER29",3,"Fasy.Frex.Qupe",0.696479356842105,-0.0923858433947368,9.112,158,2899.522401,49.7909124770403,1.54437485523183,61.3265542404647,14.782684775577,0.929235612356115,169.421686073468,5.84,367.83462942,27.393,2.563855146,206.0637273,16.797,3.723384615,766,76,0.87917088,90.5115615721226,100,0.784444444,1.149291592,0.918789604,0.799439942,6.535399327
"GER30",2,"Fasy.Qupe",-1.63093750615789,-0.125053586394737,6.05,33,2294.567527,41.462164797579,1.30343275663085,NA,13.6345010822358,0.442461923444035,55.4662069442265,8.15,784.957737498,12.872,1.467180526,63.95521142,27.32472727,5.128,148,5,0.302137779999999,96.1739025808533,99.03,0.96,1.347695427,1.579277782,1.171835825,3.232623372
"GER31",2,"Fasy.Frex",-0.264501343157895,-0.125053586394737,25.064,133,3896.965722,49.4104798393037,1.59314647211848,70.3667361317312,13.1751924219624,0.220972312405512,113.728584777729,NA,1028.866317228,NA,2.077347871,189.1188899,22.30845455,3.442923977,345,59,0.86739532,96.74552759248,83.45,0.82,1.121849346,1.13771977,1.014146663,5.516823505
"GER32",3,"Acps.Fasy.Frex",1.22689628284211,-0.125053586394737,3.182,183,1510.135092,42.4350630012505,1.65918495913235,75.0264403787697,12.9681901442948,0.553272394010729,188.816056093303,8.02,1444.982372796,43.325,4.156082989,275.6107193,8.764,3.294166667,517,31,1.24499895,93.4025834855156,100,0.957647059,1.290515499,1.054754364,0.817312435,8.43552362
"GER33",4,"Acps.Fasy.Frex.Piab",0.118194256842105,0.0279372226052632,19.554,224,2314.720063,60.1181271562309,1.33102676878306,73.0504034719714,14.6001500880672,0.35154780945481,82.7517557930172,5.71,403.420361174,18.158,3.349362095,196.6058756,5.384,3.895697674,307,82,0.669256389999997,96.1282532694042,99,0.883888889,1.250330147,1.084247483,0.867168951,8.014196903
"GER34",3,"Fasy.Frex.Piab",-0.0791233431578946,0.00505307660526316,2.859,168,1569.769271,62.6929427619572,0.964995177952365,62.9138257185104,12.1677208168875,0.167399705628622,121.581766198385,6.1,503.796629129,32.926,2.285870515,172.8867604,15.81709091,3.360846561,520,364,2.37458776,93.3636741994875,96.69,0.925,1.061694442,1.02422249,0.964705521,5.329311864
"GER35",2,"Fasy.Qupe",1.73129705684211,-0.0471051973947368,54.251,122,2336.37558,36.3872011198596,1.0698790996464,62.6232111043642,14.0372629050825,0.48639774720455,168.891903489987,6.2,908.579823237999,33.987,2.411666269,270.5658795,51.57172727,3.874035088,210,262,0.502186309999999,94.4104452480914,99.79,0.854545455,1.428181987,1.125306429,0.787929297,5.095372477
"GER36",2,"Frex.Piab",-1.76565614315789,0.116155869605263,15.49,71,1418.441425,66.4063083786424,1.56047057713891,45.7037966530596,13.2045143204741,0.13561020991009,108.341327654475,3.42,23.550569996,8.123,3.246540676,81.33137305,53.94909091,4.869676617,267,227,1.69601125,90.212544574037,96.61,0.916,1.535509062,1.186291375,0.772572044,2.980412546
"GER37",4,"Acps.Fasy.Frex.Qupe",-0.281861718157895,-0.0846864583947368,20.317,155,1620.762442,55.7450247434962,1.63362293041398,73.1681796607532,14.1917344068369,0.164357143738896,180.339801577563,6.35,1209.533401501,51.534,2.760502235,166.6615529,16.867,4.686517857,520,85,0.509076320000002,92.1442071886662,97.03,0.571666667,1.248279401,1.076587815,0.862457407,7.118100359
"GER38",3,"Acps.Fasy.Frex",1.61492870984211,-0.116882299394737,12.925,111,1658.870235,43.9473241036015,1.59124464248271,67.9153694797719,13.7382419692276,0.770481245447018,195.370975790324,5.42,868.750699696,24.817,3.53081258,307.2276389,84.09809091,3.694444444,796,44,0.858133719999998,97.2576153318342,94.02,0.74,1.171580682,0.900288764,0.768439407,5.103040665
"ITA01",2,"Quce.Qupe",-0.100601930361111,0,13.866,72,383.8389578,28.8260442646505,0.434997227147141,46.7031735378105,19.5264082372221,0.417434878282548,155.131073695936,3.59,708.896296107,NA,1.634134527,82.84809762,15.767,NA,8,2,0.657479300000002,92.564446693779,56.52,0.956666667,0.965893604,0.923732509,0.956350167,7.651967451
"ITA02",4,"Osca.Quce.Quil.Qupe",-0.291753355361111,0,0.14,59,561.2534903,47.6026882069055,0.525701733502973,46.4338482106583,16.5136655292277,0.271066577045379,237.710896000376,3.22,722.050956321999,36.625,2.326951066,100.9312914,8.379,4.5,39,2,0.688667200000001,96.4940387420068,68,0.743055556,0.981894188,0.829542922,0.844839426,6.71786909
"ITA03",2,"Osca.Quil",-0.571175343361111,0,0.164,92,528.7296838,50.3950198847676,0.398462934991352,37.0412421883003,14.9083471230493,0.471136536725262,77.3312817407814,1.73,422.756711415,7.682,1.247943457,69.59241094,15.31,9.6,43,4,0.0214151200000003,95.4852941176475,56.25,0.926666667,1.054586901,0.93165876,0.883434792,7.661091846
"ITA04",1,"Qupe",0.171082881638889,0,0.06,21,508.523119,32.0146720797887,0.614099809004049,62.7109401708003,21.4294675212372,1.09602987045338,261.021647107779,3.49,446.7553754505,58.642,1.459567506,108.3843269,2.116,4.6625,3,9,0.509732909999997,92.389214686389,87.69,0.952777778,1.079714009,0.903663035,0.836946661,5.102889758
"ITA05",3,"Osca.Quil.Qupe",-0.164364893361111,0,0,28,553.1605302,44.5098281995099,0.550616329833492,62.6288009201113,19.2520546054547,0.206986816506642,188.631358885042,4.09,679.147788735,22.194,1.352278003,99.87200725,25.059,3.778888889,32,5,0.823676330000001,94.9859145365535,77.42,0.827777778,1.073005022,0.892009367,0.831318912,5.504340195
"ITA06",1,"Quil",0.226448063638889,0,0,65,977.0229111,41.5516772933812,0.593144451138602,45.2923449960882,18.5702784691914,0.605518755766992,150.188088024811,5.18,222.161174630999,21.583,2.435729372,119.5538623,0.15,NA,1,1,1.33302342,98.0608334861454,53.85,0.658888889,1.069671693,0.928695805,0.868206395,6.032164662
"ITA07",1,"Casa",0.331717631638889,0,0,106,586.8904532,24.9470447815688,0.94775925342808,NA,20.2219496423149,0.214110466432759,126.376371773599,2.88,447.715126845,25.385,1.143556469,77.9750558,1.412,15,10,2,3.59729611,76.4639683043819,82.35,0.418518519,1.170121282,0.926921056,0.792158104,8.819744931
"ITA08",2,"Osca.Quil",-0.589163293361111,0,0.338,111,1218.042912,50.5916319036295,0.383376654019628,65.7459990500887,15.4134633443096,0.671271430393734,133.381556805047,3.28,506.780902548,10.371,1.22747245,59.51362938,1.584,9.9,20,1,0.6159909,97.7150548876103,90,0.31,1.376897484,0.860289928,0.624803181,5.290342497
"ITA09",3,"Osca.Quce.Quil",0.363746394638889,0,3.644,47,1004.837251,37.9715378447919,0.467610541745327,64.0591343362547,16.9217230722713,0.46908853260279,303.30503510046,5.08,534.286186394,36.502,2.239683828,124.6466128,3.584,6,32,1,0.780598189999999,96.95780865197,74.51,0.846654719,1.073203061,0.984674749,0.917510194,8.033992374
"ITA10",3,"Casa.Quil.Qupe",0.120280669638889,0,0,63,927.9314584,53.3884010259321,0.728857901444494,62.9720269090914,28.5247273449391,0.358971862038285,420.712342918737,4.07,693.202637121,25.834,1.726536634,106.7206555,23.488,NA,0,0,1.07544174,90.5796011509465,73.68,0.786200717,1.061160217,0.971326144,0.915343535,8.797362316
"ITA11",4,"Casa.Osca.Quil.Qupe",0.112327481638889,0,3.532,47,783.8339607,31.4481216063957,0.782208413987117,58.9850519737454,17.5101418470159,0.325822077500244,157.268490954058,3.27,809.549904197,25.404,1.654165856,97.16576008,1.553,NA,81,0,1.0050076,94.3615109579075,68.42,0.703013783,1.214249223,0.977692492,0.80518272,12.22945982
"ITA12",1,"Casa",0.239774856638889,0,0.035,102,461.2617325,46.9126165828982,0.473658851893095,71.3745755007134,24.907663847041,0.333160575685457,216.474011619261,3.04,445.032162225,37.701,1.214571051,68.91055483,13.885,10.66666667,0,2,1.16950739,82.896812640351,100,0.962274923,1.083538012,0.923121708,0.851951383,5.11986939
"ITA13",2,"Casa.Quce",0.219646419638889,0,0,151,352.8196847,57.3594617123256,0.331961198199683,64.2621941154759,22.6052001939381,0.345905777396642,323.457189916527,4.29,884.654221164,30.079,2.715757209,107.1005406,7.477,13.875,5,4,1.35253333,91.7131991028982,70,1,1.013736433,0.991564295,0.978128301,9.149674135
"ITA14",3,"Casa.Quce.Quil",0.0397865566388891,0,0,59,357.662425,54.7687840322792,0.40073764182534,51.1657046077588,25.8417409580425,0.365689540410147,203.871779952893,3.68,606.648640434,32.299,1.865093493,97.71189756,0.588,24,0,1,1.09728504,91.2166192342987,100,0.883333333,1.06511106,1.062509332,0.997557318,7.569629524
"ITA15",1,"Quce",0.143335094638889,0,0.01,90,299.6213159,50.9400471360028,0.350786677717682,42.8671666774667,22.9228356361035,0.276958266794015,217.278275135792,3.42,1115.2998377738,24.104,2.792194393,137.5651586,1.418,NA,13,2,2.81493445,94.6556724423575,96.15,0.908333333,NA,NA,NA,NA
"ITA16",1,"Quil",-0.221745668361111,0,0,24,383.3103373,43.5703682332707,NA,49.2300733156206,21.8798848226026,0.435960050066893,167.530094744304,3.89,646.43481,46.573,1.464081428,87.98065147,1.879,NA,0,0,0.717119700000001,98.5796994696518,100,0.441666667,1.022314566,0.881083512,0.861851666,6.766929414
"ITA17",2,"Quil.Qupe",-0.458947030361111,0,5.766,50,420.443093,34.9553570837649,0.53415806340357,54.1363206663867,16.9091738684649,0.701041351593346,225.052438732606,4.91,635.679903012,25.667,1.593812318,84.0758402,3.188,NA,20,5,1.21362745,94.6964253782498,90,0.693333333,0.897108456,0.827370352,0.922263463,6.864818862
"ITA18",4,"Osca.Quce.Quil.Qupe",0.125209681638889,0,0,47,634.4351851,44.9359997160409,0.704024720409332,47.2743552413683,18.9109275174342,0.517483667605064,180.804829798823,3.71,760.327293322,27.383,2.339892884,135.4401669,24.577,5.333333333,9,8,0.777475299999999,96.3445268684468,100,0.868055556,1.040961974,0.855132612,0.821483044,9.148523702
"ITA19",2,"Osca.Quce",-0.236179230361111,0,0.125,53,330.6707496,48.1445408536187,0.547117608285836,15.53914020785,20.6186627269369,0.850062218055289,123.31677570598,4.73,664.392634178,42.939,1.681979746,108.1608503,5.889,5.5,80,7,1.08774361,96.8727490563958,75.76,0.944444444,0.993860339,0.82501393,0.830110527,6.567333279
"ITA20",3,"Quce.Quil.Qupe",0.104433206638889,0,0.683,126,495.6036248,37.7638348004435,0.475295007477027,18.0544271626533,19.0339827387246,0.348854528049544,264.706553932855,5.443060113,558.502151821,NA,1.650879294,94.7306153,10.214,2.4,4,4,-0.22814808,95.7903653506187,86.67,0.613333333,0.915596808,0.946508233,1.033760958,6.944623975
"ITA21",2,"Casa.Quil",0.707559744638889,0,0,58,642.782564,73.1724826257658,0.488978924005061,53.8686375862749,24.4989601546513,0.486835459513676,135.086190396996,3.96,587.164533957,38.956,1.092817153,103.1886819,0.653,5.5,3,1,1.37528857,89.7698208307324,80.95,0.775,1.119844715,0.935814831,0.835664819,6.669920049
"ITA22",4,"Casa.Osca.Quce.Quil",0.904150756638889,0,0.889,70,747.0414071,44.6805327664119,0.612186845606449,45.8274415758863,18.2652353471847,0.630922263421682,125.716818626377,5.04,711.662713388,20.653,2.620012575,133.9029342,1.291,9.361111111,21,6,0.366459540000001,95.4291431820055,89.74,0.852777778,1.18428756,1.030606308,0.870233162,8.820569541
"ITA23",4,"Casa.Quce.Quil.Qupe",-0.299768597361111,0,3.405,63,347.7035182,43.70671990618,0.231075781613297,51.0183621819936,20.0131824358585,0.530607480413028,241.018380251903,4,729.622998941,26.478,1.461904473,86.36559984,8.68,8,0,1,1.22524598,94.6635941772373,88.24,0.865277778,1.374292711,1.167160203,0.849280647,6.514482981
"ITA24",2,"Quce.Quil",1.14162704463889,0,0,28,1028.398978,47.7713745273131,0.272668865481773,NA,17.7685137174988,1.39700178014961,93.6076454691834,6.73,1089.959098526,59.092,3.132555741,193.9979927,1.025,11.5,0,1,NA,97.4169447229495,79.07,0.701792115,0.951335672,0.918026445,0.964986883,6.441588268
"ITA25",3,"Casa.Osca.Quil",-0.252301618361111,0,14.843,63,680.6234874,41.4630015776046,0.395975489834394,66.6827746519078,15.222165570445,0.588070064152041,125.289499345048,3.12,755.418958628,19.073,2.516678324,77.71822739,0.124,3.75,16,4,1.93464488,97.8405174442258,77.78,0.791666667,1.20978881,1.060178696,0.876333693,6.129924216
"ITA26",3,"Casa.Quce.Qupe",0.069498094638889,0,4.899,81,458.1185242,47.128459331342,0.605865782718271,51.1327782180802,22.656203058879,0.243118968016837,270.019633253933,2.92,1045.000383084,25.992,1.612477714,77.80932747,7.652,5.875,1,5,1.30640198,91.5506451612896,83.33,0.814814815,1.017817909,0.850708796,0.835816297,7.841032786
"ITA27",1,"Qupe",0.357756956638889,0,5.841,105,294.7262934,49.4690838947206,NA,59.5738650374216,22.8070099263661,0.267736856875801,185.078863117426,4,917.4654750315,24.332,1.220043135,101.0528717,1.027,5.875,1,4,2.50176262,88.8000430454372,75.86,0.883333333,0.811502099,0.694137015,0.855373037,4.751604112
"ITA28",2,"Casa.Qupe",-0.661939868361111,0,8.892,68,664.4460666,30.3228553025427,0.620750677907143,NA,16.1510653627241,0.337684307683791,244.4916536129,2.83,445.11912789,NA,1.059796562,50.79020639,1.739,6,1,3,NA,NA,80,0.776666667,1.321092305,0.975894935,0.738703065,8.607341095
"ITA29",3,"Osca.Quce.Qupe",-0.325529855361111,0,0.006,50,485.4169821,47.2596307587574,0.411787600860492,37.936709404192,22.2311654743719,0.51283023851141,280.974853956153,4.16,814.590449538,32.91,1.7854778,87.54869065,34.344,4.5,13,3,0.0756658600000009,95.6898547888477,NA,0.92037037,0.96819877,0.925093023,0.955478412,6.801559381
"ITA30",2,"Casa.Osca",-0.176893618361111,0,0.072,47,742.3744432,32.9448838910239,0.613017217819422,NA,13.6930502711459,0.857454733856032,102.351752355117,4.13,554.788887596,15.883,1.831352545,91.8567604,1.665,NA,93,0,0.174428940000002,87.4287679469944,88.89,0.693333333,1.266293559,0.812821807,0.641890501,5.457300519
"ITA31",1,"Osca",0.055987494638889,0,0,101,1043.152807,42.98008266012,0.404765205008911,60.2783309263583,12.9447876843267,0.669440109307557,98.6380332904498,4.97,974.758364579999,17.908,1.832529416,89.62360327,0.141,NA,82,0,0.77381171,97.8398779847807,100,0.2,1.132315758,0.833761426,0.73633297,4.727695559
"ITA32",4,"Casa.Osca.Quce.Quil",-0.182392118361111,0,0.117,95,780.3189369,36.7680010516383,0.718412304129157,56.7091323980687,15.4662209849184,0.485974305056411,70.6133336521553,4.3,807.283020006,17.637,2.975338271,92.68969014,1.891,14,109,1,1.13282464,97.0726710932604,85.71,0.672222222,1.030309662,0.979851478,0.951026196,6.541104031
"ITA33",4,"Casa.Quce.Quil.Qupe",-0.481805080361111,0,1.085,66,346.2188689,50.1490025789549,0.460542725975155,60.9552551991026,20.5974302041306,0.330718855179385,164.798374513855,4.55,659.406324737,31.371,1.876692911,61.97275642,0.45,7.5,6,7,1.4389875,94.5329099746573,96.97,0.923611111,1.121175594,1.121610904,1.000388262,7.235269006
"ITA34",5,"Casa.Osca.Quce.Quil.Qupe",-0.565539380361111,0,0.048,73,683.9285633,47.4637680404753,0.761500285404258,51.5319271007076,20.7502125236087,0.520723162113415,141.239868727244,3.71,539.4354380712,NA,1.602493913,63.53702795,41.865,15,8,2,0.553838059999997,94.316085834668,100,0.883333333,1.231156985,1.040778342,0.84536607,6.94065453
"ITA35",1,"Quce",0.246824719638889,0,1.947,75,410.0383395,41.7645918970772,0.222795940272547,64.1276617788897,21.4165334142989,0.234036475092313,170.051035680268,3.52,1380.42298702,38.183,2.35174829,126.0611492,5.208,9,2,3,2.7632852,93.5148057613064,72.92,0.772222222,NA,NA,NA,NA
"ITA36",3,"Casa.Quce.Qupe",-0.101092868361111,0,0.362,63,388.8738395,35.3378003046867,0.436893285949935,50.3737597943542,20.14990657279,0.348839249640115,165.639351836722,2.15,858.241008069999,18.05,1.537197949,77.51721212,3.964,6.1,2,6,0.45646941,89.564387173319,86.84,0.9425,1.069940999,0.856995379,0.800974428,6.247467629
"POL01",1,"Piab",-0.253565304930233,0.535638248,0.093,25,203.2784551,59.9718237159061,1.20387432543285,72.7827813833724,22.8152666471141,0.341398936801995,230.296258336256,8.27,462.4819485,48.146,1.878192031,100.2002977,7.072,3.277777778,6,4,1.64006615,98.9443345950363,80.86956522,1,1.267480448,0.954450308,0.75302961,6.054755671
"POL02",1,"Cabe",-0.678392375930233,-0.397831206,7.671,30,418.9538836,30.253609951787,1.7159802967061,79.9172163855214,15.4045940523755,0.312671159593001,161.976673009871,3.68,891.576619999998,12.817,1.60106008,96.56562417,11.237,NA,3,0,0.327632520000002,90.4779740739495,95.5465587,0.813888889,1.863867064,0.846903602,0.454379831,3.53111045
"POL03",1,"Piab",-0.386884292930233,0.532157997,1.986,29,194.6422709,34.9439880289075,0.573580084212566,87.4506544496247,18.9921982291751,0.321694605749914,197.45389438143,6.6,495.6223662,41.594,2.936048227,93.41414565,14.135,1.73375,22,84,2.42438507,99.5888987173817,91.66666667,1,1.288064371,1.076330506,0.835618569,3.80122373
"POL04",3,"Bepe.Piab.Quro",1.26959774506977,-0.175932353,8.879,49,184.3834837,32.9052965124581,0.67831586226371,49.8156885863731,18.5592751861563,0.424299291471738,221.92084479043,4.94,600.4779075,40.049,2.019847217,205.0668427,9.521,NA,4,2,0.530240200000001,95.8976155409116,82.08955224,0.668518519,1.223279871,1.039923246,0.85011065,11.89174042
"POL05",2,"Cabe.Quro",-0.533340767930233,-0.44149372,7.324,33,200.035832,28.5317136763392,0.917149693334899,63.0468666686493,17.7052263064791,0.257913567637918,230.732152352232,4.34,934.253769999999,49.495,2.043252385,116.4004997,10.575,NA,0,0,0.165498230000001,88.2993453428933,100,0.6,1.349675577,1.117154193,0.827720537,5.772708157
"POL06",3,"Bepe.Cabe.Piab",-0.0940400739302327,-0.017047108,20.07,36,78.04254115,34.9238067476512,1.20233817674472,66.8410055499776,17.6651653963405,0.536070736773938,144.956795789576,5.15,681.4294097,38.068,1.818524769,109.5363272,12.03,NA,14,0,1.38777103,95.7212902051253,96.42857143,0.827777778,1.26931739,1.063149258,0.837575587,6.622032881
"POL07",4,"Bepe.Cabe.Piab.Quro",0.0804538410697671,-0.082577681,11.505,33,263.7178547,40.5582400733799,1.37820033161763,59.6035569114361,20.802249392893,0.324163131281084,106.449783786315,5.38,727.2924749,35.001,2.315487734,141.0793664,8.463,NA,12,0,1.12087431,93.9945910973978,100,0.601388889,1.300557857,1.18264613,0.909337577,6.04983226
"POL08",2,"Bepe.Cabe",-0.405913029930233,-0.44149372,14.143,82,320.0251194,26.2579503708419,1.3363814603211,75.2393285792231,14.5556491423354,0.150395547167927,79.1093581548384,4.96,665.817639999998,20.329,0.928424446,98.50495268,24.439,NA,23,0,0.366586860000002,94.0155627332235,85.97560976,0.666666667,1.028544539,0.804841438,0.782505188,4.684764225
"POL09",2,"Cabe.Piab",-0.554765279930233,0.205196336,15.358,91,270.0726362,30.373252352694,1.46279126914726,65.0042655345946,15.6160474763019,0.286877638657857,163.771766755216,7.62,696.1979578,47.711,2.478525656,100.5719781,22.063,NA,47,1,0.662502539999998,92.0247223326478,70.83333333,0.897222222,1.390933653,1.080472727,0.77679674,4.527672795
"POL10",2,"Cabe.Quro",-0.345832098930233,-0.412340299,12.06,52,172.9002407,34.9668049678087,0.897922480757595,68.0948737835663,14.3255869884891,0.341104797107339,116.91503572614,4.86,757.59067,48.017,2.441579743,164.215715,5.693,NA,0,0,1.06483422,79.5806519313717,100,0.572222222,1.482218656,0.946900571,0.638840003,4.652757888
"POL11",2,"Bepe.Cabe",-0.442433870930233,-0.44149372,25.953,62,52.4235876,27.7590996138806,1.12432482604575,77.399135434127,14.87962671773,0.321623606725479,139.781288209398,6.36,661.86112,48.692,1.130567075,108.6564975,21.448,NA,2,0,0.816239110000001,97.55,88.0952381,0.361111111,1.063685579,0.80683422,0.75852699,5.744653784
"POL12",1,"Cabe",-0.798402833930233,-0.388816076,56.206,61,220.3197227,26.1272481316064,2.05247075825836,52.1698038990558,15.4660819463094,0.606850676554127,158.286995869785,4.66,800.656559999999,11.753,1.130598053,87.20765,17.814,NA,14,0,0.720375569999998,87.3102168414733,93.59331476,0.966666667,1.709854132,0.875241531,0.511880818,4.233514107
"POL13",3,"Bepe.Cabe.Quro",-1.24650603693023,-0.44149372,9.958,32,NA,30.5971944511352,1.13682957226946,55.6353997512875,14.4835402443158,0.664556328903981,232.343852903624,5.31,739.90579,32.95,1.789191889,83.65449877,20.88,3.861111111,0,42,1.78595341,82.0246290138117,92.64214047,0.47037037,1.576201894,1.080142286,0.685281683,4.546616636
"POL14",4,"Cabe.Piab.Pisy.Quro",0.0730259570697673,0.265186889,1.18,56,51.67814358,50.1785030394989,0.851309697829319,67.7968947098527,21.2503191886007,0.252926893438758,191.692057458183,5,602.9389371,40.68,1.816973696,120.5331519,16.401,4.625,5,50,1.59588757,90.7274023265742,88.66995074,0.719444444,1.135013367,1.027748551,0.905494667,5.459580168
"POL15",3,"Cabe.Piab.Quro",-0.298672642930233,-0.105181127,9.738,38,231.0035529,44.7160855051575,1.14732168903291,55.0731914797123,17.1346354328,0.314433967466708,168.348005575083,6.02,718.6478636,43.342,2.640863886,127.4520408,14.024,2,52,1,-0.316340579999999,82.8756999411061,91.01123596,0.622222222,1.261299527,1.158178248,0.918242038,4.540183323
"POL16",2,"Piab.Quro",-0.390792154930233,0.013961055,2.436,67,62.63559387,58.583730264807,0.893113887571752,53.1368192577304,16.9322180446638,0.18026691399407,170.178598188375,6.66,460.3708912,49.017,2.692223739,130.3794364,8.431,NA,2,7,1.54756203,89.4985341626167,84.72222222,0.688888889,1.344450643,1.012909339,0.753400167,4.099881775
"POL17",4,"Bepe.Cabe.Piab.Pisy",-0.0441292079302329,0.13487273,4.242,52,212.3115897,66.3555792037192,1.0410295051119,73.7066075902724,16.4292129144493,0.374953035095711,227.065286568856,4.91,844.722066999998,48.679,2.249127462,110.9961769,7.185,3.2,3,10,0.672818080000003,96.9826497988575,94.92753623,0.8,1.192524723,1.078315438,0.904229,6.311798014
"POL18",3,"Cabe.Pisy.Quro",1.57187778206977,0.019335134,23.756,47,242.5454527,26.6733622518567,0.925751403022216,64.9457419744997,17.8826532272832,0.197545117264162,179.466396265181,4.24,637.25374,58.351,1.704002159,178.5303858,4.977,NA,0,0,0.663964500000002,95.5000000000002,96.1038961,0.638888889,1.093107325,0.989835561,0.905524589,9.174913572
"POL19",2,"Piab.Pisy",0.804849796069767,0.538238031,5.395,92,95.32553704,38.5510430862323,0.908575471780674,69.9517920250766,18.7322632206034,0.194336823383108,169.983771566256,8.27,659.1640079,77.49,2.488191992,134.2723849,16.477,NA,6,14,0.80453915,99.9014270613108,62.71186441,1,1.157621976,1.0375958,0.896316606,7.736334545
"POL20",2,"Cabe.Quro",-0.501390339930233,-0.42428955,15.454,64,470.3712124,39.6964449403815,1.08092288205028,28.253870299392,21.7008628021724,0.486791804183212,202.001592309969,5.22,682.24073,44.298,2.572423513,141.8895514,13.809,NA,0,4,0.120668549999998,84.1626319918233,89.28571429,0.390740741,1.431545437,0.836786499,0.584533664,4.139386412
"POL21",1,"Pisy",1.03460108406977,0.474920367,0.712,56,210.5716199,45.9301454836509,1.07049187022777,87.2865081201053,20.4271356016841,0.161834034546545,83.9912447555695,5.72,646.662249999999,120.726,1.460556484,142.1201013,7.621,NA,7,2,2.99350128,100,94.87179487,1,1.141923316,0.995302035,0.871601465,6.645802162
"POL22",3,"Piab.Pisy.Quro",2.08281529006977,0.277789634,2.064,89,37.39167886,42.0364410603137,0.993761900745435,68.4324001062035,20.4020863733571,0.334231662131575,139.622416380511,5.33,1000.3393115,57.629,2.461061164,198.2123177,11.202,NA,11,1,1.48877154,97.8808637055659,100,0.733333333,1.298673965,1.025269384,0.789474041,5.273872853
"POL23",3,"Cabe.Piab.Pisy",0.428332350069767,0.344304206,3.554,50,340.3224245,35.5924288890742,1.28273493643617,67.1565608574179,20.4578443413762,0.439918079326791,170.546251946215,4.33,672.639045899998,48.396,2.122193887,122.4771503,8.768,NA,2,1,1.86709098,97.6842847075403,91.66666667,0.864814815,1.244445934,1.067948287,0.858171704,6.682102296
"POL24",3,"Cabe.Pisy.Quro",0.0240451230697674,-0.12945884,10.812,65,636.9851131,36.2420655783767,0.911628553820662,59.501023405324,18.2815188862487,0.153650330748192,79.9317527378465,4.71,929.09669,37.264,1.170805506,130.1793642,9.451,2.833333333,5,3,1.26249873,94.994269298762,89.36170213,0.67962963,1.098388234,0.859448758,0.782463551,7.201555961
"POL25",2,"Cabe.Pisy",-0.0246116929302329,0.190317983,7.276,56,568.767065,40.5054623656948,1.37604589494337,87.3994697614332,18.4621195302834,0.130166875956215,179.249838751793,4.6,740.263309999999,53.554,1.604967995,107.8399768,9.239,4,3,1,0.600368199999998,96.8364164904858,92.95774648,0.947222222,1.197655177,0.963687977,0.804645607,8.363471048
"POL26",2,"Bepe.Cabe",-0.837879510930233,-0.4157276,21.09,29,246.9038043,40.1433264834493,1.20959752887917,87.4419574585738,17.5203990243061,0.483397562475719,196.349001020589,4.55,593.06642,31.225,0.933623225,94.37963689,11.328,2.272222222,47,8,1.07140198,92.9572364405977,15,0.524074074,1.310888671,0.874280031,0.666936903,6.056261504
"POL27",4,"Cabe.Piab.Pisy.Quro",0.281217823069767,0.0699348550000001,6.417,47,299.3351962,33.5276217557274,1.23643114755633,59.2318487258649,17.5584746205714,0.264967380169445,69.1306774697703,5.9,791.068423499999,37.602,2.171354985,141.4498677,18.245,NA,6,0,1.3394604,95.1569042871389,72.22222222,0.768055556,1.359732575,1.093349049,0.804091238,5.446142771
"POL28",2,"Bepe.Piab",1.26212076606977,0.184972954,13.032,24,276.9060469,35.8894840609554,0.54195668826514,79.4260543816298,17.7725988071749,0.680461154803239,179.245289900554,5.93,515.8103107,35.362,2.373900753,169.6652977,15.148,NA,4,1,NA,98.403256895063,95.23809524,0.813888889,1.53194262,0.908064881,0.592753847,5.096059466
"POL29",3,"Bepe.Pisy.Quro",-0.132505026930233,0.0932769490000001,11.542,73,138.8966501,32.413742416339,0.842811301735828,71.4982025066286,18.1367367761186,0.271773478563244,107.177442120644,6.03,391.81922,60.872,1.581132053,125.0717716,16.129,NA,2,0,1.00723657,93.0380700694567,74.57627119,0.513359788,1.222428831,0.929828797,0.760640435,5.977168914
"POL30",4,"Bepe.Cabe.Piab.Pisy",-0.0134870489302328,0.184866061,1.373,40,53.29117905,44.168150979881,0.833900193638257,76.599375720329,20.9449942954463,0.218909751163755,215.833453241186,6.87,360.7058747,73.54,1.909249058,110.0679029,10.23,2.516666667,0,11,1.73575997,98.3490978911214,56.8627451,0.753703704,1.094839363,0.911540429,0.832579152,8.296252875
"POL31",4,"Bepe.Cabe.Piab.Quro",0.107563410069767,-0.165271162,12.544,68,556.6460474,34.3925914229708,1.10178260777846,52.3284478326207,18.0219611974204,1.01260952880288,182.026253363771,5.38,784.4200503,42.569,1.954339917,127.5811783,3.663,NA,131,0,1.09966768,92.5543837936425,75,0.756944444,1.46441843,0.949830437,0.648605902,5.176308467
"POL32",4,"Bepe.Piab.Pisy.Quro",-0.515347908930233,0.02566059,1.554,81,NA,46.4334200950874,0.941679201414396,77.7399200807685,21.0247095471295,0.456621252916393,228.856501413946,5.47,400.0609513,48.61,1.993837587,103.1073858,6.937,2.257936508,0,69,0.834362559999999,96.1311947234159,81.39534884,0.629166667,1.511802261,1.407560862,0.931048258,3.364444511
"POL33",3,"Bepe.Cabe.Pisy",-0.404201621930233,0.082770549,16.58,69,137.4971327,44.3695896389924,1.3047601497787,68.1047579541035,19.2058274764508,0.232414603038876,114.027792854741,3.94,777.952899999999,62.742,1.628970756,92.66425325,5.992,3,1,17,2.11380806,91.6484359843049,85.96491228,0.640740741,1.469188181,1.106249707,0.752966653,6.839814899
"POL34",4,"Bepe.Cabe.Pisy.Quro",-0.885933258930233,-0.261828157,12.598,86,344.3110335,31.1383101405011,1.26538286255924,64.9103119308722,17.021279053518,0.387945286860442,166.869220356172,4.07,763.39372,73.549,1.66035303,91.59852662,5.574,NA,21,4,1.17009785,94.5389904891293,81.96721311,0.540277778,1.272738709,1.341526241,1.054046861,5.587906647
"POL35",5,"Bepe.Cabe.Piab.Pisy.Quro",-0.00265696793023285,0.026175579,1.835,31,352.983078,36.2021209902287,1.10103740368556,59.8755593984203,15.8829687576063,0.415494658659344,177.547889460866,6.06,918.074127299999,37.852,2.249837325,121.208153,23.162,4.666666667,2,14,0.286144370000002,96.9486895959271,91.39784946,0.743333333,1.297867426,1.226394564,0.944930538,4.47427116
"POL36",3,"Bepe.Cabe.Quro",-0.673940358930233,-0.345743701,18.329,55,99.6638047,25.9201549202447,0.71246354339958,71.4141266061333,16.9926398909689,0.308254260157847,133.483092693645,5.49,598.24432,24.523,1.341542976,114.5922518,15.906,2.5,1,3,0.197947110000001,77.7061267756365,91.97530864,0.611111111,1.611316078,0.916135818,0.568563692,5.456124681
"POL37",5,"Bepe.Cabe.Piab.Pisy.Quro",0.00100542606976717,0.132573779,0.453,37,NA,47.9683176989526,1.21108398738521,60.4202291530704,20.4663113344837,0.42903438030909,276.430164803789,4.09,704.307572299998,50.67,1.968619486,117.7387108,6.004,NA,0,29,0.49708171,91.8847552286609,73.4939759,0.585555556,1.308860282,1.116991519,0.853407758,5.029214095
"POL38",3,"Bepe.Cabe.Pisy",0.310227320069767,0.220666809,3.925,95,340.5951831,34.7114229823961,1.21463270593816,78.6640683076593,17.4041224205177,0.412343892647201,124.220152497825,3.92,802.929589999999,45.074,1.796048036,124.8323554,7.388,NA,0,0,2.0982211,98.0268081366148,95.45454545,0.661111111,1.309447223,0.936048728,0.714842654,8.833246182
"POL39",4,"Bepe.Cabe.Pisy.Quro",-0.146899314930233,-0.215273437,2.681,49,362.9447244,42.1996671675998,1.2447948149117,64.8632476213633,19.3333781039583,0.545114889957838,239.946746180375,7.67,691.823619999999,29.137,1.215483853,128.1188387,10.142,NA,0,0,-0.283308790000003,94.1388591744347,90.625,0.677777778,1.107963468,0.900118893,0.812408458,9.082883867
"POL40",1,"Pisy",1.65835760106977,0.452424784,1.428,30,127.164315,40.4448229335521,1.03242576484443,83.4786423520577,17.8284467787841,0.118492038407891,81.7148249559537,5.43,606.04724,66.504,1.129858345,155.2409073,7.504,NA,0,0,2.91396713,100,100,1,1.127880462,1.065392054,0.944596604,7.774555514
"POL41",4,"Bepe.Piab.Pisy.Quro",0.418886516069767,-0.099380459,3.022,26,261.5813495,29.2629785002245,0.94113397164052,65.6678150917743,17.1152396171335,0.307780504056836,151.775055880641,6.36,743.6835435,55.495,1.955959637,143.7328623,26.326,4.588888889,0,4,0.94106601,96.7542109269655,82.14285714,0.786111111,1.289295244,0.995671634,0.772260379,7.556528987
"POL42",4,"Bepe.Cabe.Piab.Pisy",-0.439183864930233,0.095971793,4.55,40,347.9664165,35.5066793780683,1.37633077660374,80.8460722455595,18.4759730066982,0.530687378212134,136.088048809413,3.98,655.4344818,50.446,1.72896731,96.53148741,8.453,2.6,10,38,0.46579655,97.9195044217137,92.24137931,0.766666667,1.380622566,1.196129617,0.866369743,4.838005165
"POL43",3,"Piab.Pisy.Quro",-0.357270942930233,0.301460324,4.672,41,150.24305,30.6770087621689,1.11918660371492,66.082630394691,15.3094362697195,0.368491931754673,146.49759350368,5.48,623.2622787,58.794,1.883946514,104.0483226,13.584,3.5,24,1,1.78121608,97.4543159722965,68.96551724,0.801851852,1.31372733,1.008758029,0.767859514,6.718455412
"ROM01",1,"Piab",-1.04389895178571,0.494912489,0.69,61,775.9392979,55.6270566637826,0.942770902332607,70.7896519665774,16.3977790177333,0.272661545584362,228.764315063572,6.48,410.40035998037,24.103,2.250341558,123.3000378,24.102,2.108550725,1,24,0.445059499999999,100,100,1,1.930745491,0.972297378,0.503586507,4.244719866
"ROM02",1,"Piab",0.0972008262142854,0.506078986,0.2,71,643.4266868,54.2994872497902,0.643584566279506,61.7273741099519,15.5767149607822,0.460197208351142,217.743632255332,6.38,446.481972077219,26.354,2.486583834,150.4758131,78.59,2.532916667,0,55,0.0938426500000027,100,90.24390244,1,1.564167198,1.036123207,0.662412055,5.433514092
"ROM03",3,"Acps.Fasy.Piab",0.238691370214285,-0.23440277,7.976,96,1273.97918,65.6854757750552,0.540124886958395,53.7818039252011,15.3528516363058,0.597150441560119,112.74784770019,4.25,826.458053264883,20.925,1.192025329,240.0081922,2.543,2.983464052,0,152,1.84243293,92.012888677487,100,0.948879552,1.198622579,0.876760447,0.731473328,6.471594626
"ROM05",2,"Abal.Piab",1.18945212621429,0.488333011,0,68,688.4831728,45.6672558256391,0.735360190506011,45.0702228445297,16.4355761917371,0.241464189935681,68.7961384416106,6.08,385.915903041893,25.227,4.685812201,206.3181954,1.186,2.091666667,2,115,0.38041527,99.3808049049577,100,1,1.273950441,1.021093947,0.801517794,4.466617111
"ROM06",2,"Acps.Fasy",0.0536974792142857,-0.413453686,2.24,83,977.2028384,48.718358822994,0.552578116899669,70.3267790623818,15.8515098591699,0.802057091118425,87.172000675214,5.07,610.315383191338,19.713,2.77459806,216.4419133,5.736,3.606190476,0,132,0.353488409999997,93.739432837628,96.15384615,0.975,1.275049198,0.934115794,0.732611569,6.44767898
"ROM07",1,"Abal",2.20918901121429,0.481369566,0.03,92,851.0432382,51.8427994266154,0.276746683359322,58.8124354999928,15.1953321386321,0.488620013370006,50.3071414750999,4.77,205.64010789842,35.466,4.139033304,215.6612015,76.483,2.1648,18,26,0.810686700000002,99.8224082490047,100,1,1.551612769,0.992650337,0.639753911,4.464275321
"ROM08",4,"Abal.Acps.Fasy.Piab",0.978880784214286,-0.085616714,0.579,83,331.3234318,50.5120466642153,0.434113416770249,63.6607459554872,14.9919762207914,0.550091828239691,53.4098805368606,5.85,766.267645461196,24.062,2.908026417,228.5277262,4.118,3.962820513,1,30,1.03245729,96.8972582880179,100,0.979166667,1.216714149,0.884079918,0.726612671,6.287025363
"ROM09",2,"Fasy.Piab",0.937737865214285,-0.037130383,0.619,68,670.063879,61.6969063299203,0.283736095444739,70.3905269573257,15.3728538511785,0.764955318997149,137.996139441417,5.8,661.982267880404,24.582,3.000126164,284.7564772,6.235,2.261931217,1,133,0.487883570000001,93.3030486100592,100,1,1.168882185,0.845178324,0.723065451,6.363808051
"ROM10",3,"Abal.Acps.Piab",0.129168516214285,0.289330929,1.675,100,774.3950557,56.1621427011724,0.231120648750125,50.3516927145975,15.1209471184575,0.354777518158317,187.92401576007,5.25,343.25956611337,27.158,2.323605996,182.7540778,8.088,1.73136612,9,84,NA,96.6250000000001,100,0.986733556,1.336282225,0.977403596,0.731435005,6.484475761
"ROM11",3,"Abal.Fasy.Piab",-0.460906546785714,0.203002907,0.333,45,977.1219621,59.1682953977716,0.804658387930686,76.3276809878657,17.2423253430791,0.352957716437437,112.712932082474,6.35,902.349012360807,27.117,2.54548639,180.8386375,11.083,3.53875,20,82,0.520523230000002,96.2654320981407,98.48484848,0.992592593,1.264131898,0.894874826,0.707896722,6.243072294
"ROM12",2,"Fasy.Piab",-0.572263346785714,-0.013845875,1.583,60,682.7727026,46.0027877364971,0.631699751596374,77.7672656760214,15.2612200479232,0.459489070312639,124.883083916662,5.66,666.19275509374,21.175,3.449780575,187.6923709,78.35,2.059425287,1,115,0.670665920000001,93.0478329809733,96.34146341,1,1.210614712,0.816897701,0.674779261,4.795288251
"ROM13",1,"Fasy",-1.16819156178571,-0.493921014,0.16,195,383.7051314,35.2556190728494,0.337448474204228,72.893668213502,13.9337837551664,0.418543947717592,63.9479769310073,6.15,789.9613126119,17.678,2.961100031,207.1312676,36.232,3.135034014,3,56,0.591279759999999,84.9318419417212,97.26027397,0.997222222,0.989601187,0.719391879,0.72695131,4.073807985
"ROM14",2,"Acps.Fasy",-1.28069028278571,-0.493921014,10.217,206,523.7227194,41.272574031825,0.512395001432654,61.0917589737603,14.8618724665215,0.291208932030232,66.5322065104734,5.36,725.342051000108,18.897,2.285118753,157.9610036,12.553,NA,0,0,0.23936767,91.6728329809707,100,0.95,1.044211504,0.812862596,0.778446313,5.414192649
"ROM15",1,"Acps",-1.98134430378571,-0.42583897,0.38,83,1245.634861,78.972649701263,1.07514174212836,11.0576661156446,16.8986627874567,0.409070385608159,79.0547271414119,5.28,406.4103345872,22.269,1.084131575,88.32773655,72.581,4.253333333,0,23,0.564228059999998,92.1859126315737,100,0.887878788,1.073093123,0.877991092,0.818187232,6.409162254
"ROM16",1,"Acps",-0.980078843785714,-0.461348692,0.881,136,690.978586,38.1911270746442,0.805714421831548,NA,13.8854987819248,0.469599786144488,55.3172353888135,5.01,142.88167833259,22.641,1.66677052,130.0550343,20.407,3.366388889,1,14,0.363067900000001,93.25,100,0.969444444,1.043080827,0.85591205,0.820561578,4.915579766
"ROM17",2,"Abal.Piab",1.70321684521429,0.477652027,0,99,745.5357143,63.8873453814806,0.23750174733972,30.2527473862739,16.5495471093426,0.234768995944904,195.467566666444,6.65,228.727341253039,20.767,3.429277334,202.493235,27.363,1.846788618,3,154,0.870842870000001,99.7012231954093,100,1,1.34788082,0.97289328,0.721794736,6.215499101
"ROM18",3,"Abal.Fasy.Piab",1.61390117521429,0.233234113,0,77,734.1762936,49.2826005790675,0.715821564294004,62.0518706802217,14.9005366851523,0.212810342979397,125.997307445161,5.83,363.084605446783,24.8,3.714539124,228.5321286,2.841,1.957692308,2,98,1.16524574,96.3813645627116,100,1,1.550515936,0.901897466,0.581675715,6.568313082
"ROM19",2,"Abal.Fasy",0.264071268214286,-0.184710051,0,94,577.7028864,39.0236936172263,0.20504161884745,76.405790988686,17.950185005625,0.223824773196883,261.253319567166,6.48,479.368055438068,16.512,3.202321185,230.420431,7.999,2.302592593,0,19,0.818784729999997,94.823121764737,100,1,1.131555453,0.932866146,0.824410455,8.048271655
"ROM20",3,"Abal.Acps.Fasy",-0.700865013785715,-0.230364033,0.178,113,723.306651,40.1541265522768,0.436686660868653,26.1228284534231,15.9899602580165,0.255202753399944,48.1048398695874,5.94,579.216439632101,19.073,2.736064885,186.0155896,6.303,3.039135802,0,28,1.21327978,91.6264195576987,100,0.981481481,1.067071112,0.796933957,0.746842407,5.428243614
"ROM21",3,"Acps.Fasy.Piab",-0.408935116785714,-0.31138095,1.11,68,1045.439237,44.8780631039455,0.588686820277692,59.958371223453,13.9579679641761,0.427135749901017,26.1562288918757,4.66,755.338548212886,15.975,3.315409663,177.5067324,12.83,2.83959596,0,35,0.624016640000001,93.3054966894508,91.26984127,0.965740741,1.113591163,0.924039627,0.829783549,6.285314987
"ROM22",3,"Abal.Fasy.Piab",-0.0781675477857142,0.257564184,0.33,118,672.5565515,45.3302396939526,0.0813240410861689,43.9158075083366,15.0908200049807,0.551658366539161,142.100070796167,5.96,625.090241402837,25.307,4.233904411,152.4300412,18.446,3.132525253,1,38,0.552813480000001,95.2634512387933,100,1,1.18458895,0.809206454,0.683111601,4.606869332
"ROM23",1,"Abal",1.86140181721429,0.495967117,5.55,68,866.8689218,39.6841674764563,NA,74.6961951911649,15.9472201820993,0.288299160936198,50.1161101410109,6.17,247.299836720119,26.137,5.416127489,237.2536089,3.323,2.630416667,1,49,0.0786079400000013,99.6691787608236,100,1,1.419876284,0.86401178,0.608512016,4.421808027
"ROM24",2,"Abal.Fasy",0.669450537214286,0.101055167,0,105,622.4152306,44.9345077436216,NA,73.1519210198287,16.2917470049563,0.209102774178791,98.5985671893871,6.15,473.226752408998,22.142,4.052444474,214.3402624,9.573,2.415277778,19,25,0.529188789999999,96.5133084908175,100,1,1.360748646,0.836000554,0.614368095,5.436998188
"ROM25",3,"Abal.Acps.Fasy",0.0019053402142859,-0.30837902,1.31,146,1205.272363,51.4725305097153,0.500128850456109,55.1737106463252,13.3101580089732,0.360844284575093,67.3579213135738,5.77,495.914864473739,22.831,2.577819617,180.686539,2.51,2.72,1,5,0.489327000000003,96.5665230329472,96.66666667,0.961111111,1.151949899,0.901361548,0.782465929,6.305495559
"ROM26",1,"Fasy",-1.15944953578571,-0.469030054,0,96,615.1613441,47.4352736087163,0.292681721333175,73.5026739109611,16.3753065142456,0.408918951997697,193.873506165303,6.37,664.49208005962,19.312,3.24886504,186.2458283,7.549,2.994814815,1,30,0.667302169999999,87.2437654211183,98.8372093,0.997222222,1.140933357,0.781220409,0.684720456,5.02430816
"ROM27",2,"Acps.Piab",-1.53701758878571,-0.073788552,0.48,98,1181.620486,61.003590275885,0.817962042853673,42.3402489105982,15.5322082424955,0.59681141474415,123.122930633556,5.92,304.96908618022,21.036,1.847317129,111.4025313,24.965,4.633333333,0,3,-0.00975496999999947,96.625,80.95238095,0.95,1.106914501,0.959154112,0.866511471,6.45893837
"ROM28",2,"Abal.Fasy",-0.667898511785714,0.286346007,0.02,89,957.9319181,52.4400194234136,0.571772377892893,70.6922964510981,17.3605527274593,0.294835212673029,93.4500490665263,5.67,434.604728818595,26.22,3.910277943,143.2224011,94.772,2.127608696,12,67,0.67386904,93.526408450715,100,1,1.221352154,0.935056279,0.765591051,4.348435675
"ROM29",4,"Abal.Acps.Fasy.Piab",0.0917421902142852,-0.077714725,9.037,NA,839.3356041,58.7332795674634,0.737512038233873,NA,15.7805785821183,0.249340808225389,NA,5.18,540.873967976574,22.886,3.308945992,198.8943957,47.909,2.797179487,1,56,NA,96.3498876664946,NA,0.954166667,1.155690893,0.857165755,0.741691192,6.263310689
"SPA01",2,"Pisy.Qufa",0.407358480722222,-0.154890220638889,0.028,22,1522.296053,84.4268307288353,0.44085481998427,69.3084569988701,17.8744413815963,0.240821215226422,172.076830367066,1.97,531.588658895,27.578,0.925096276,57.70244335,31.936,3.236666667,1.333333333,11.11111111,0.503702369999999,92.3091232940547,96.2,1,1.601930226,0.87345875,0.545253929,7.326806998
"SPA02",3,"Pini.Pisy.Qufa",-0.709100947277778,0.177199437361111,0.686,15,1597.22983,75.5351961634119,0.314558970951408,69.4288037447177,12.7485320747892,0.165129910550018,9.04574008399224,1.57,292.750130319,24.656,0.919008659,24.18880901,16.201,2.147083333,1.777777778,4.444444444,0.97151393,95.7012485769869,86.05,1,1.403245296,1.172771585,0.835756648,5.979592538
"SPA03",2,"Pini.Qufa",0.0102065387222221,0.149176102361111,0.401,49,1743.440951,93.691249708048,0.511435772340583,36.270715093948,15.7458189910486,0.367916667191461,48.993004201159,1.27,338.722754833,23.151,0.322168462,52.30078043,27.39,2.6,0,2.666666667,1.15131459,94.025,78.95,1,1.528829628,0.916818557,0.599686545,4.520021371
"SPA04",2,"Pisy.Qufa",0.648254834722222,0.155543438361111,5.369,15,720.5875483,45.9719969257802,0.435389362697865,67.4207919294011,19.2079152990612,0.539247396753701,270.795206971678,1.77,335.53252077,25.585,0.857336429,74.79711774,34.191,2.15,0,2.222222222,0.998522379999997,95.5673353508078,86.96,1,1.655190025,0.943336,0.569926103,5.426717083
"SPA05",2,"Pisy.Qufa",0.017387579722222,-0.245343889638889,4.973,46,955.5463022,74.5829875103333,0.472109544446949,57.9308075520152,17.7590643333128,0.456260479475151,242.502128966368,1.71,585.433721549,30.526,0.696064421,48.79061024,22.839,2.563055556,0,10.22222222,0.4352017,97.179551406163,100,1,1.774237155,1.042486208,0.587568694,4.827008916
"SPA06",2,"Pini.Qufa",0.378658666722222,0.0957736933611111,0,18,1367.411723,84.0267062873653,0.526692525521274,75.2314100657216,23.2045352719978,0.176161143576622,72.601293621356,1.86,409.023821689,19.996,0.482917959,66.68072693,58.143,1.967222222,0,18.22222222,0.492409219999999,93.6250000000033,100,1,1.84082401,0.979970452,0.532354232,4.323254353
"SPA07",2,"Pini.Pisy",-0.831277617277778,0.358430586361111,0.232,26,1305.972316,84.3905278544091,0.402923939049567,70.9492923192729,24.0440107413333,0.179767739790491,42.5582067089908,2.47,285.992389521,36.274,0.41788568,26.21030632,42.721,1.942316384,2.666666667,40.44444444,0.48945277,97.75,100,1,1.420626445,1.009725493,0.710760733,6.462815087
"SPA08",2,"Pini.Qufa",0.475920384722222,-0.0277623366388889,0,20,1483.693862,81.8884333555718,0.388736718975833,66.4598996119533,19.2276661505898,0.147798514185476,190.590142870922,1.83,405.924435052,13.848,0.681497012,67.09434874,40.989,2.713174603,2.222222222,37.77777778,0.59943865,93.4520459708598,83.33,1,1.709550248,0.826323216,0.48335708,4.854214848
"SPA09",1,"Qufa",0.886756985722222,-0.536477821638889,0,61,932.0351069,44.7293656438069,0.537349611031218,80.2132506553075,15.0424174049558,0.740400998601495,136.408172181852,0.93,491.954725638,30.554,0.891082632,71.60727926,33.837,2.14,0.444444444,2.222222222,0.567864780000001,80.7617685206398,56.67,1,1.672693035,1.037531593,0.620276148,5.855411883
"SPA10",1,"Qufa",-0.362568196277778,-0.536477821638889,0.041,9,1382.983533,61.3801655353064,0.299125093022092,84.3682458824138,13.9256714645542,0.113203691324134,186.309871093306,0.36,415.521169821,22.511,0.653315952,42.11541314,40.163,2.466231884,0,13.77777778,0.543912370000001,93.659368969005,17.86,1,1.559496809,0.965012881,0.618797599,7.677645452
"SPA11",1,"Qufa",-1.01140369427778,-0.536477821638889,0.013,22,1314.384985,51.8720423331298,0.374549341620674,85.4844475176202,15.2157783876078,0.204050689201254,143.164808609004,1.65,295.934844433,14.694,0.455241024,24.69086713,71.117,4.68,0,6.222222222,0.697125740000001,93.8165310865778,92.11,1,1.522412401,0.934473723,0.613811161,4.402323197
"SPA12",1,"Pini",1.50167859072222,0.463522178361111,0.098,33,1031.377114,112.799415832979,0.585285381720443,61.3148622273766,39.5277465796166,0.124766132784007,151.451450417966,3.04,300.309414405,NA,0.74990084,119.1722666,29.834,3.126025641,0.888888889,6.222222222,0.643151759999999,99.960917144346,97.1,1,1.563773591,0.804189869,0.514262341,5.201693914
"SPA13",3,"Pini.Qufa.Quil",-0.759486845277778,-0.270381230638889,0,7,1157.191232,104.486056337156,0.312535683013823,45.4149078176094,23.5053855821917,0.203065638548032,44.3290789155168,1.89,234.537825182,23.689,0.54273743,30.83890321,53.109,2.934166667,0,5.777777778,NA,98.5900694217512,87.72,0.944444444,1.576230829,0.951783633,0.603835184,6.959147882
"SPA14",2,"Pini.Quil",-0.786914148277778,0.128536392361111,1.323,13,748.5000702,92.1785242907747,0.469671792944133,62.8141181215438,31.0215688323687,0.125371546745315,48.5063869220528,1.09,147.85797921,21.993,0.62467146,28.78348636,73.582,3.303636364,0,6.666666667,NA,97.625,89.13,0.941666667,1.738690357,1.079705095,0.620987567,5.692221425
"SPA15",1,"Pini",-0.557978602277778,0.444852636361111,0,11,472.4958077,40.276981829796,0.466039011178878,71.270996327775,22.7279298395411,0.150288974848228,92.9784345497458,1.64,174.101491905,NA,0.535302343,34.80930903,49.944,2.3995,0.444444444,5.777777778,0.92109001,99.9039631425742,89.66,1,1.855935854,0.99464443,0.535926081,5.713891875
"SPA16",2,"Pini.Quil",-0.724217109277778,0.138877672361111,0.157,13,1027.057107,74.3443073009684,0.323780263911568,60.2451191206662,27.5502326188687,0.102461653805403,55.5302374756746,1.8,281.803957065,25.579,0.781292042,34.22541333,54.279,2.49474359,1.333333333,6.222222222,NA,99.6076923076923,89.23,0.938888889,1.655085869,1.16825689,0.705858779,5.376351373
"SPA17",1,"Pini",1.03427781272222,0.460160361361111,0.529,25,978.184692,102.33441386584,0.533835252340002,67.3385163375515,40.2777767288786,0.205920786046017,102.562021907528,1.98,280.929486749999,18.838,0.855218907,85.67826402,15.156,2.706975309,0.888888889,15.55555556,0.588709009999999,99.86733615222,92.19,0.991666667,2.064034284,0.850945002,0.412272707,4.602124693
"SPA18",1,"Pisy",2.72472094272222,0.463522178361111,0.022,38,841.1281153,62.5240453260887,0.597029949581682,79.0416902424576,26.3614037794511,0.204042938962175,266.607784978784,1.94,401.733430056,49.553,0.826478653,115.9402965,26.103,2.39275,0.888888889,9.333333333,0.823206639999999,99.9305990277037,95.95,1,1.627797494,0.945308138,0.580728341,4.693816456
"SPA19",1,"Pisy",1.05105295072222,0.463522178361111,0.065,90,1545.777898,115.48643915264,0.499076203262441,63.4610873605919,31.7743398196006,0.134465398060611,139.346834436171,1.71,498.029362051998,44.175,0.666076076,67.84049738,45.249,2.181913919,0,1602.666667,0.929975210000002,100,100,1,1.125776573,1.091364103,0.969432238,5.084622944
"SPA20",1,"Pisy",1.79418543772222,0.463522178361111,0.015,36,1719.877688,128.770236892385,0.476592978790864,50.2951623630209,33.2992451384616,0.135361656007035,147.637651440229,2.3,516.47381712,NA,0.661799156,81.32382175,7.265,1.952597403,0,77.77777778,1.15586432,100,96.77,1,1.276710033,1.101213402,0.862539945,5.451526533
"SPA21",2,"Pini.Pisy",0.226270881722222,0.463522178361111,0,36,1600.366118,80.0778854272108,0.467494298789567,69.0432714774877,20.6304228442923,0.287993788262931,121.124076356512,2.34,400.909799085,35.515,0.924045107,50.49723399,116.161,3.678666667,0,2.222222222,0.96145091,99.8939655172413,95.24,1,1.714435871,1.212805771,0.70740807,4.942347937
"SPA22",2,"Pini.Pisy",1.69252995472222,0.463522178361111,0.733,52,1430.012953,88.8127414145533,0.494236019962618,78.3976376572327,24.710419684869,0.307259936563797,164.577320599614,2.62,399.388114367,50.311,1.242255482,92.56668991,31,NA,0,0,0.953140620000003,99.9519704433497,97.95,1,1.552881964,1.092514583,0.703540004,5.359852688
"SPA23",2,"Pini.Pisy",0.00994732372222207,0.412571711361111,0.782,11,1571.918094,72.25611794025,0.419686072829921,67.381682362152,20.1475484003882,0.144238678879143,54.5826107702001,1.95,442.572218178,53.963,0.746996092,45.89737932,117.957,9.6,0,0.888888889,0.52421635,99.5125,95.74,1,1.519287395,1.103881354,0.726578367,6.156408694
"SPA24",4,"Pini.Pisy.Qufa.Quil",0.117829464722222,0.00806658236111113,0.253,150,2002.076247,100.962235940992,0.387267634964955,56.844782653486,20.4624804757087,0.291621186948715,272.52368362822,0.96,308.919773511,41.559,0.859169596,53.89621363,65.815,4.009259259,0,11.11111111,NA,98.2542156286736,88.24,1,2.128374576,1.290670347,0.606411278,4.023637207
"SPA25",3,"Pini.Pisy.Qufa",0.0145511387222221,0.174708914361111,0.064,77,1944.186016,115.994859033062,0.41906378341592,55.061479387037,18.546712086504,0.280957610920548,184.923120055436,3.35,434.617604367999,30.194,0.639765457,57.52529689,133.615,2.345,0.444444444,18.22222222,0.699841719999998,98.15,80.3,1,1.748671903,1.057520769,0.60475654,5.198031652
"SPA26",4,"Pini.Pisy.Qufa.Quil",-0.435761872277778,-0.0128093826388889,0.024,102,2054.277496,107.810491346834,0.302690728962225,67.4596393725256,16.2360011975105,0.155156394291974,205.796064045194,1.89,234.377647167,30.896,0.680342302,44.95721428,53.195,2.704861111,0,14.66666667,NA,98.9065754180427,48.65,0.995833333,2.117050025,1.314852856,0.621077839,3.639329737
"SPA27",3,"Pini.Qufa.Quil",0.0669754087222223,-0.146704809638889,0.267,34,1988.003135,86.5021642216557,0.356257727150676,53.2031855049859,16.6365757224682,0.275382937680991,105.157560480853,1.03,245.170904704,28.494,0.792013899,59.87162772,115.056,2.330555556,0,11.11111111,NA,96.8844091989889,82.11,0.975925926,1.607733094,1.149504101,0.714984412,5.995798829
"SPA28",2,"Qufa.Quil",-0.511148750277778,-0.536477821638889,0,35,1891.950285,53.981464337536,0.516284540129935,60.6733810883429,15.0152291574681,0.249923537778868,107.047571361315,1.79,455.889285672,28.731,0.669174877,35.93217986,97.018,2.866666667,0,2.666666667,NA,91.721132035776,90.91,0.955555556,1.422439554,1.014705665,0.713355912,7.618443397
"SPA29",4,"Pini.Pisy.Qufa.Quil",1.13247552472222,0.205883068361111,0,93,397.9865188,41.03814818999,0.241523027104482,61.8200933683388,25.8403016724011,0.162365512594844,129.095065662067,2.22,435.939046221,31.243,1.046015917,86.02233083,24.548,2.806527778,0,14.22222222,NA,98.1388951716206,95.28,0.981944444,2.881710948,0.970031613,0.336616555,2.994029066
"SPA30",2,"Qufa.Quil",-1.22483982427778,-0.536477821638889,0.038,10,1667.48001,40.5480712201818,0.323680555058118,70.3739429269132,12.5972269370439,0.230930506613683,45.0681213689179,0.32,32.112493291,38.886,0.430268108,18.88158961,57.142,NA,0,0,NA,92.2916666666667,48.94,0.988888889,1.366005881,0.995838948,0.729015125,6.621976401
"SPA31",2,"Qufa.Quil",-1.08045942627778,-0.536477821638889,0.073,9,464.2858709,33.0244548026519,0.641489490438071,65.9630618256054,19.9987951288618,0.379049181961383,112.358694172113,1.66,254.577692057,24.338,0.79588988,21.74793332,81.915,2.5,0,1.333333333,NA,95.4353169469632,52.08,1,1.814155656,0.991072894,0.546299812,5.08628049
"SPA32",1,"Quil",-1.11060770127778,-0.536477821638889,0.07,21,1117.89263,69.6977907040188,0.421370666402369,41.612482236609,18.918535918188,0.193138961325614,33.9856784071653,1.31,98.159924895,45.534,0.232929231,20.28833728,46.662,2.042916667,0,7.111111111,NA,98.3258966100807,90.32,0.791666667,1.542495529,1.154469015,0.748442373,5.644636868
"SPA33",1,"Quil",-1.23087482127778,-0.536477821638889,0,6,1486.29734,67.650971549114,0.649143107776567,76.2243567284683,15.103674348794,0.18993093907095,83.2443214241599,1.34,187.567388535,24.587,0.316315872,20.74525087,86.003,2.518571429,0,3.555555556,NA,98.7898683531228,96.72,0.852777778,1.77006523,1.308211396,0.739075246,5.484578227
"SPA34",2,"Qufa.Quil",-1.03823173127778,-0.536477821638889,0,19,2311.457561,34.9925284614809,NA,58.8088153181444,13.8568266663138,0.196225308584578,0,0,56.257918308,59.701,0.41646813,22.22632643,29.098,2.677333333,0,2.222222222,NA,90.3858160675037,91.3,0.991666667,1.567809263,1.135168134,0.724047345,6.391903753
"SPA35",2,"Pini.Quil",-0.887964796277778,-0.026873260638889,0.211,13,2212.117839,51.4340230428581,0.351585863984876,65.336061119962,18.0789583979141,0.163858848685847,2.34912673745119,2.3,74.70528033,15.622,0.298496765,27.00844776,50.094,3.435,0,7.555555556,NA,97.2197323454371,97.87,0.966666667,1.652586629,1.121463361,0.678610937,6.481840063
"SPA36",2,"Pini.Quil",-0.928202819277778,0.0221518583611111,0,46,1194.259018,69.8922563902324,0.234329061178159,42.7220154179568,19.9120029715912,0.15457148924174,66.6783595349175,1.54,197.14317186,25.969,0.219090044,24.29996462,108.511,3.254,0,5.333333333,NA,99.2263601852693,97.87,0.894444444,1.883584732,0.901760945,0.478747215,5.953874052
